{"id":"20200523_184433_52_1058","type":"Feature","geometry":{"coordinates":[[[-118.2594277175066,34.14011568190153],[-118.29733006286534,33.99365177178816],[-118.03194398915112,33.94546826224868],[-117.99337996693335,34.09264081192181],[-118.2594277175066,34.14011568190153]]],"type":"Polygon"},"properties":{"acquired":"2020-05-23T18:44:33.520885Z","anomalous_pixels":0,"clear_confidence_percent":92,"clear_percent":92,"cloud_cover":0.18,"cloud_percent":7,"columns":9394,"epsg_code":32611,"ground_control":true,"gsd":3.8,"heavy_haze_percent":0,"instrument":"PS2.SD","item_type":"PSScene4Band","light_haze_percent":0,"origin_x":380181,"origin_y":3778410,"pixel_resolution":3,"provider":"planetscope","published":"2020-05-24T04:37:07Z","quality_category":"standard","rows":7274,"satellite_id":"1058","shadow_percent":1,"snow_ice_percent":0,"strip_id":"3422524","sun_azimuth":127.8,"sun_elevation":70.2,"updated":"2020-05-24T04:40:23Z","view_angle":5,"visible_confidence_percent":60,"visible_percent":93}}
