{"id":"20200527_181819_1010","type":"Feature","geometry":{"coordinates":[[[-118.11747795658756,33.93427212410929],[-118.38930939060057,33.983051122769105],[-118.37024105355374,34.05596805507527],[-118.09867454395683,34.007627205767896],[-118.10190961637439,33.99541826286335],[-118.10134238638736,33.99531652549339],[-118.11747795658756,33.93427212410929]]],"type":"Polygon"},"properties":{"acquired":"2020-05-27T18:18:19.838246Z","anomalous_pixels":0.01,"clear_confidence_percent":84,"clear_percent":90,"cloud_cover":0.11,"cloud_percent":0,"columns":8959,"epsg_code":32611,"ground_control":true,"gsd":3.9,"heavy_haze_percent":0,"instrument":"PS2","item_type":"PSScene4Band","light_haze_percent":0,"origin_x":371670,"origin_y":3769209,"pixel_resolution":3,"provider":"planetscope","published":"2020-05-28T00:07:54Z","publishing_stage":"finalized","quality_category":"standard","rows":4593,"satellite_id":"1010","shadow_percent":0,"snow_ice_percent":10,"strip_id":"3434124","sun_azimuth":115.2,"sun_elevation":65.8,"updated":"2020-06-02T07:23:18Z","view_angle":5,"visible_confidence_percent":77,"visible_percent":100}}
