{"id":"20200515_174707_96_2257","type":"Feature","geometry":{"coordinates":[[[-118.4296379681027,34.14125239416492],[-118.47669021775253,33.9551063584957],[-118.10209385748276,33.89018605264768],[-118.0551331139505,34.07507105773374],[-118.4296379681027,34.14125239416492]]],"type":"Polygon"},"properties":{"acquired":"2020-05-15T17:47:07.967558Z","anomalous_pixels":0,"clear_confidence_percent":96,"clear_percent":95,"cloud_cover":0.01,"cloud_percent":3,"columns":13031,"epsg_code":32611,"ground_control":true,"gsd":4,"heavy_haze_percent":0,"instrument":"PSB.SD","item_type":"PSScene4Band","light_haze_percent":0,"origin_x":363552,"origin_y":3778743,"pixel_resolution":3,"provider":"planetscope","published":"2020-05-16T00:07:54Z","publishing_stage":"finalized","quality_category":"standard","rows":9406,"satellite_id":"2257","shadow_percent":1,"snow_ice_percent":0,"strip_id":"3399696","sun_azimuth":111.3,"sun_elevation":59.4,"updated":"2020-07-02T20:01:19Z","view_angle":4.9,"visible_confidence_percent":80,"visible_percent":97}}
