{"id":"20200526_162416_0f2b","type":"Feature","geometry":{"coordinates":[[[-118.37966551524833,33.979946579339774],[-118.38678520056612,34.010265962535094],[-118.14371012091179,34.05046051775582],[-118.13041416448068,33.99546711840092],[-118.12793754201496,33.9848348436473],[-118.3711612073351,33.94485863912781],[-118.37966551524833,33.979946579339774]]],"type":"Polygon"},"properties":{"acquired":"2020-05-26T16:24:16.224373Z","anomalous_pixels":0,"clear_confidence_percent":85,"clear_percent":99,"cloud_cover":0.02,"cloud_percent":0,"columns":7958,"epsg_code":32611,"ground_control":true,"gsd":3.5,"heavy_haze_percent":0,"instrument":"PS2","item_type":"PSScene4Band","light_haze_percent":0,"origin_x":371943,"origin_y":3768342,"pixel_resolution":3,"provider":"planetscope","published":"2020-05-27T00:13:10Z","quality_category":"standard","rows":3818,"satellite_id":"0f2b","shadow_percent":0,"snow_ice_percent":1,"strip_id":"3431325","sun_azimuth":91.6,"sun_elevation":42.9,"updated":"2020-05-27T04:02:43Z","view_angle":4,"visible_confidence_percent":75,"visible_percent":100}}
