{"id":"20200509_184244_41_1057","type":"Feature","geometry":{"coordinates":[[[-118.26485746967931,34.117382884982135],[-118.30326882424562,33.96795601442496],[-118.03395076063687,33.91954107372782],[-117.99503611590887,34.06922804637335],[-118.26485746967931,34.117382884982135]]],"type":"Polygon"},"properties":{"acquired":"2020-05-09T18:42:44.413731Z","anomalous_pixels":0,"clear_confidence_percent":94,"clear_percent":100,"cloud_cover":0.17,"cloud_percent":0,"columns":9530,"epsg_code":32611,"ground_control":true,"gsd":3.9,"heavy_haze_percent":0,"instrument":"PS2.SD","item_type":"PSScene4Band","light_haze_percent":0,"origin_x":379596,"origin_y":3775896,"pixel_resolution":3,"provider":"planetscope","published":"2020-05-10T04:22:57Z","quality_category":"standard","rows":7394,"satellite_id":"1057","shadow_percent":0,"snow_ice_percent":0,"strip_id":"3383137","sun_azimuth":133.3,"sun_elevation":67.8,"updated":"2020-05-12T05:18:19Z","view_angle":2,"visible_confidence_percent":94,"visible_percent":100}}
