{"id":"20200530_181449_1035","type":"Feature","geometry":{"coordinates":[[[-118.29590453212738,34.069807216791666],[-118.02319223206254,34.022553200917024],[-118.04121010476553,33.94961426631663],[-118.3145032887519,33.99664301170049],[-118.29973719244572,34.05732317654521],[-118.29902353926038,34.05720044320304],[-118.29590453212738,34.069807216791666]]],"type":"Polygon"},"properties":{"acquired":"2020-05-30T18:14:49.499605Z","anomalous_pixels":0,"clear_confidence_percent":84,"clear_percent":86,"cloud_cover":0.03,"cloud_percent":0,"columns":8979,"epsg_code":32611,"ground_control":true,"gsd":3.9,"heavy_haze_percent":0,"instrument":"PS2","item_type":"PSScene4Band","light_haze_percent":0,"origin_x":378597,"origin_y":3770655,"pixel_resolution":3,"provider":"planetscope","published":"2020-05-31T00:09:33Z","publishing_stage":"finalized","quality_category":"standard","rows":4533,"satellite_id":"1035","shadow_percent":0,"snow_ice_percent":13,"strip_id":"3443144","sun_azimuth":114,"sun_elevation":66.1,"updated":"2020-06-02T07:27:25Z","view_angle":4,"visible_confidence_percent":73,"visible_percent":100}}
