{"id":"20200524_162510_0f36","type":"Feature","geometry":{"coordinates":[[[-118.39884374882861,34.049765078997915],[-118.1559466958916,34.09006609066795],[-118.14009540313305,34.02449874583566],[-118.38313920361296,33.98443494993194],[-118.39592056118167,34.037033420748],[-118.39574150567654,34.037062881463264],[-118.39884374882861,34.049765078997915]]],"type":"Polygon"},"properties":{"acquired":"2020-05-24T16:25:10.886859Z","anomalous_pixels":0,"clear_confidence_percent":97,"clear_percent":100,"cloud_cover":0,"cloud_percent":0,"columns":7951,"epsg_code":32611,"ground_control":true,"gsd":3.5,"heavy_haze_percent":0,"instrument":"PS2","item_type":"PSScene4Band","light_haze_percent":0,"origin_x":370890,"origin_y":3772746,"pixel_resolution":3,"provider":"planetscope","published":"2020-05-25T00:56:28Z","quality_category":"standard","rows":3818,"satellite_id":"0f36","shadow_percent":0,"snow_ice_percent":0,"strip_id":"3425475","sun_azimuth":92.2,"sun_elevation":43,"updated":"2020-05-25T04:19:02Z","view_angle":4.1,"visible_confidence_percent":97,"visible_percent":100}}
