{"id":"20200506_181955_0f34","type":"Feature","geometry":{"coordinates":[[[-118.06715130356673,33.97480308990008],[-118.3380666499972,34.023332778301345],[-118.31928492168015,34.09529046267992],[-118.04916271152172,34.047287075110546],[-118.05221566123711,34.035664954296536],[-118.05119021748797,34.035481905351915],[-118.06715130356673,33.97480308990008]]],"type":"Polygon"},"properties":{"acquired":"2020-05-06T18:19:55.224522Z","anomalous_pixels":0.08,"clear_confidence_percent":86,"clear_percent":93,"cloud_cover":0.04,"cloud_percent":0,"columns":8901,"epsg_code":32611,"ground_control":true,"gsd":3.9,"heavy_haze_percent":0,"instrument":"PS2","item_type":"PSScene4Band","light_haze_percent":0,"origin_x":376461,"origin_y":3773508,"pixel_resolution":3,"provider":"planetscope","published":"2020-05-07T00:24:29Z","quality_category":"standard","rows":4545,"satellite_id":"0f34","shadow_percent":0,"snow_ice_percent":7,"strip_id":"3375678","sun_azimuth":124.4,"sun_elevation":63.3,"updated":"2020-05-07T04:16:32Z","view_angle":5,"visible_confidence_percent":77,"visible_percent":100}}
