{"id":"20200505_174852_95_2263","type":"Feature","geometry":{"coordinates":[[[-118.30911730372654,34.130825924613276],[-118.35571163263447,33.94756153000982],[-117.98760686770304,33.882123284711],[-117.94030305212998,34.065469637761396],[-118.30911730372654,34.130825924613276]]],"type":"Polygon"},"properties":{"acquired":"2020-05-05T17:48:52.957961Z","anomalous_pixels":0,"clear_confidence_percent":99,"clear_percent":100,"cloud_cover":0,"cloud_percent":0,"columns":12837,"epsg_code":32611,"ground_control":true,"gsd":3.9,"heavy_haze_percent":0,"instrument":"PSB.SD","item_type":"PSScene4Band","light_haze_percent":0,"origin_x":374721,"origin_y":3777438,"pixel_resolution":3,"provider":"planetscope","published":"2020-05-06T00:39:24Z","publishing_stage":"finalized","quality_category":"test","rows":9305,"satellite_id":"2263","shadow_percent":0,"snow_ice_percent":0,"strip_id":"3373014","sun_azimuth":115.4,"sun_elevation":57.9,"updated":"2020-05-29T20:26:34Z","view_angle":0.1,"visible_confidence_percent":87,"visible_percent":100}}
