{"id":"20200531_181706_1010","type":"Feature","geometry":{"coordinates":[[[-118.272816587561,34.00920308952641],[-118.54293169788872,34.05678201619457],[-118.52414384046857,34.12966134201713],[-118.25406973584859,34.08216581872643],[-118.25720693892961,34.07006557688871],[-118.25705928486157,34.0700395913958],[-118.272816587561,34.00920308952641]]],"type":"Polygon"},"properties":{"acquired":"2020-05-31T18:17:06.723973Z","anomalous_pixels":0,"clear_confidence_percent":54,"clear_percent":14,"cloud_cover":0.78,"cloud_percent":2,"columns":8900,"epsg_code":32611,"ground_control":true,"gsd":3.9,"heavy_haze_percent":9,"instrument":"PS2","item_type":"PSScene4Band","light_haze_percent":75,"origin_x":357600,"origin_y":3777582,"pixel_resolution":3,"provider":"planetscope","published":"2020-06-01T00:20:59Z","publishing_stage":"finalized","quality_category":"standard","rows":4559,"satellite_id":"1010","shadow_percent":0,"snow_ice_percent":0,"strip_id":"3445921","sun_azimuth":113.9,"sun_elevation":66.1,"updated":"2020-06-02T13:07:44Z","view_angle":0,"visible_confidence_percent":54,"visible_percent":90}}
