<?xml version="1.0" encoding="UTF-8"?>
<ps:EarthObservation xsi:schemaLocation="http://schemas.planet.com/ps/v1/planet_product_metadata_geocorrected_level http://schemas.planet.com/ps/v1/planet_product_metadata_geocorrected_level.xsd" xmlns:xsi="http://www.w3.org/2001/XMLSchema-instance" xmlns:xs="http://www.w3.org/2001/XMLSchema" xmlns:xlink="http://www.w3.org/1999/xlink" xmlns:opt="http://earth.esa.int/opt" xmlns:gml="http://www.opengis.net/gml" xmlns:eop="http://earth.esa.int/eop" version="1.2.1" planet_standard_product_version="1.0" xmlns:ps="http://schemas.planet.com/ps/v1/planet_product_metadata_geocorrected_level">
  <gml:metaDataProperty>
    <ps:EarthObservationMetaData>
      <eop:identifier>20200505_183247_18_105c_3B_AnalyticMS</eop:identifier>
      <eop:acquisitionType>NOMINAL</eop:acquisitionType>
      <eop:productType>L3B</eop:productType>
      <eop:status>ARCHIVED</eop:status>
      <eop:downlinkedTo>
        <eop:DownlinkInformation>
          <eop:acquisitionStation codeSpace="urn:eop:PS:stationLocation">Planet Ground Station Network</eop:acquisitionStation>
          <eop:acquisitionDate>2020-05-05T18:32:47+00:00</eop:acquisitionDate>
        </eop:DownlinkInformation>
      </eop:downlinkedTo>
      <eop:archivedIn>
        <eop:ArchivingInformation>
          <eop:archivingCenter codeSpace="urn:eop:PS:stationLocation">Planet Archive Center</eop:archivingCenter>
          <eop:archivingDate>2020-05-05T18:32:47+00:00</eop:archivingDate>
          <eop:archivingIdentifier codeSpace="urn:eop:PS:dmsCatalogueId">3373409</eop:archivingIdentifier>
        </eop:ArchivingInformation>
      </eop:archivedIn>
      <eop:processing>
        <eop:ProcessingInformation>
          <eop:processorName>CMO Processor</eop:processorName>
          <eop:processorVersion>4.1.4</eop:processorVersion>
          <eop:nativeProductFormat>GeoTIFF</eop:nativeProductFormat>
        </eop:ProcessingInformation>
      </eop:processing>
      <ps:license>
        <ps:licenseType>20160101 - Inc - Single User</ps:licenseType>
        <ps:resourceLink xlink:title="PL EULA" xlink:href="https://assets.planet.com/docs/20160101_Inc_SingleUser.txt" />
      </ps:license>
      <ps:versionIsd>1.0</ps:versionIsd>
      <ps:pixelFormat>16U</ps:pixelFormat>
    </ps:EarthObservationMetaData>
  </gml:metaDataProperty>
  <gml:validTime>
    <gml:TimePeriod>
      <gml:beginPosition>2020-05-05T18:32:47+00:00</gml:beginPosition>
      <gml:endPosition>2020-05-05T18:32:47+00:00</gml:endPosition>
    </gml:TimePeriod>
  </gml:validTime>
  <gml:using>
    <eop:EarthObservationEquipment>
      <eop:platform>
        <eop:Platform>
          <eop:shortName>PlanetScope</eop:shortName>
          <eop:serialIdentifier>105c</eop:serialIdentifier>
          <eop:orbitType>LEO-SSO</eop:orbitType>
        </eop:Platform>
      </eop:platform>
      <eop:instrument>
        <eop:Instrument>
          <eop:shortName>PS2.SD</eop:shortName>
        </eop:Instrument>
      </eop:instrument>
      <eop:sensor>
        <ps:Sensor>
          <eop:sensorType>OPTICAL</eop:sensorType>
          <eop:resolution uom="m">3.0000</eop:resolution>
          <ps:scanType>FRAME</ps:scanType>
        </ps:Sensor>
      </eop:sensor>
      <eop:acquisitionParameters>
        <ps:Acquisition>
          <eop:orbitDirection>DESCENDING</eop:orbitDirection>
          <eop:incidenceAngle uom="deg">1.164469e+00</eop:incidenceAngle>
          <opt:illuminationAzimuthAngle uom="deg">1.301706e+02</opt:illuminationAzimuthAngle>
          <opt:illuminationElevationAngle uom="deg">6.530434e+01</opt:illuminationElevationAngle>
          <ps:azimuthAngle uom="deg">1.247245e+01</ps:azimuthAngle>
          <ps:spaceCraftViewAngle uom="deg">1.048432e+00</ps:spaceCraftViewAngle>
          <ps:acquisitionDateTime>2020-05-05T18:32:47+00:00</ps:acquisitionDateTime>
        </ps:Acquisition>
      </eop:acquisitionParameters>
    </eop:EarthObservationEquipment>
  </gml:using>
  <gml:target>
    <ps:Footprint>
      <gml:multiExtentOf>
        <gml:MultiSurface srsName="EPSG:4326">
          <gml:surfaceMembers>
            <gml:Polygon>
              <gml:outerBoundaryIs>
                <gml:LinearRing>
                  <gml:coordinates>-118.291490077972,34.0180471306224 -118.291490077972,34.0184206239581 -118.282939195633,34.0184206239581 -118.282939195633,34.0180471306224 -118.291490077972,34.0180471306224</gml:coordinates>
                </gml:LinearRing>
              </gml:outerBoundaryIs>
            </gml:Polygon>
          </gml:surfaceMembers>
        </gml:MultiSurface>
      </gml:multiExtentOf>
      <gml:centerOf>
        <gml:Point srsName="EPSG:4326">
          <gml:pos>-118.375438234 34.0203318826</gml:pos>
        </gml:Point>
      </gml:centerOf>
      <ps:geographicLocation>
        <ps:topLeft>
          <ps:latitude>34.1428085357</ps:latitude>
          <ps:longitude>-118.565571208</ps:longitude>
        </ps:topLeft>
        <ps:topRight>
          <ps:latitude>34.1428085357</ps:latitude>
          <ps:longitude>-118.185019748</ps:longitude>
        </ps:topRight>
        <ps:bottomRight>
          <ps:latitude>33.897762559</ps:latitude>
          <ps:longitude>-118.185019748</ps:longitude>
        </ps:bottomRight>
        <ps:bottomLeft>
          <ps:latitude>33.897762559</ps:latitude>
          <ps:longitude>-118.565571208</ps:longitude>
        </ps:bottomLeft>
      </ps:geographicLocation>
    </ps:Footprint>
  </gml:target>
  <gml:resultOf>
    <ps:EarthObservationResult>
      <eop:product>
        <ps:ProductInformation>
          <eop:fileName>/execdir/20200505_183247_18_105c_3B_AnalyticMS_clip.tif</eop:fileName>
          <ps:productFormat>GeoTIFF</ps:productFormat>
          <ps:spatialReferenceSystem>
            <ps:epsgCode>32611</ps:epsgCode>
            <ps:geodeticDatum>WGS_1984</ps:geodeticDatum>
            <ps:projection>WGS 84 / UTM zone 11N</ps:projection>
            <ps:projectionZone>11</ps:projectionZone>
          </ps:spatialReferenceSystem>
          <ps:resamplingKernel>CC</ps:resamplingKernel>
          <ps:numRows>18</ps:numRows>
          <ps:numColumns>264</ps:numColumns>
          <ps:numBands>4</ps:numBands>
          <ps:rowGsd>3.0</ps:rowGsd>
          <ps:columnGsd>3.0</ps:columnGsd>
          <ps:radiometricCorrectionApplied>true</ps:radiometricCorrectionApplied>
          <ps:geoCorrectionLevel>Precision Geocorrection</ps:geoCorrectionLevel>
          <ps:elevationCorrectionApplied>FineDEM</ps:elevationCorrectionApplied>
          <ps:atmosphericCorrectionApplied>false</ps:atmosphericCorrectionApplied>
        </ps:ProductInformation>
      </eop:product>
      <eop:mask>
        <eop:MaskInformation>
          <eop:type>UNUSABLE DATA</eop:type>
          <eop:format>RASTER</eop:format>
          <eop:referenceSystemIdentifier codeSpace="EPSG">32611</eop:referenceSystemIdentifier>
          <eop:fileName>/execdir/20200505_183247_18_105c_3B_AnalyticMS_DN_udm_clip.tif</eop:fileName>
        </eop:MaskInformation>
      </eop:mask>
      <opt:cloudCoverPercentage uom="percentage">0.0</opt:cloudCoverPercentage>
      <opt:cloudCoverPercentageQuotationMode>AUTOMATIC</opt:cloudCoverPercentageQuotationMode>
      <ps:unusableDataPercentage uom="percentage">0.0</ps:unusableDataPercentage>
      <ps:bandSpecificMetadata>
        <ps:bandNumber>1</ps:bandNumber>
        <!-- Multiply by radiometricScaleFactor to convert DNs to TOA Radiance (watts per steradian per square metre -->
        <ps:radiometricScaleFactor>0.01</ps:radiometricScaleFactor>
        <!-- Multiply by reflectanceCoefficient to convert DNs to TOA Reflectance -->
        <ps:reflectanceCoefficient>1.79731429465e-05</ps:reflectanceCoefficient>
        <ps:harmonizationTransform>
          <!-- After application of ps:radiometricScaleFactor, multiply all source bands by
           bandCoefficients, then add finalOffset to harmonize from this scenes PS2.SD
           instrument to the PS2 instrument -->
          <ps:sourceSensor>PS2.SD</ps:sourceSensor>
          <ps:targetSensor>PS2</ps:targetSensor>
          <ps:targetMeasure>TOA-Radiance</ps:targetMeasure>
          <ps:bandCoefficients>1.08523463 0.00000000 0.00000000 0.00000000</ps:bandCoefficients>
          <ps:finalOffset>0.00000000</ps:finalOffset>
        </ps:harmonizationTransform>
        <ps:harmonizationTransform>
          <!-- After application of ps:reflectanceCoefficient, multiply all source bands by
           bandCoefficients, then add finalOffset to harmonize from this scenes PS2.SD
           instrument to the PS2 instrument -->
          <ps:sourceSensor>PS2.SD</ps:sourceSensor>
          <ps:targetSensor>PS2</ps:targetSensor>
          <ps:targetMeasure>TOA-Reflectance</ps:targetMeasure>
          <ps:bandCoefficients>1.08523463 0.00000000 0.00000000 0.00000000</ps:bandCoefficients>
          <ps:finalOffset>0.00000000</ps:finalOffset>
        </ps:harmonizationTransform>
      </ps:bandSpecificMetadata>
      <ps:bandSpecificMetadata>
        <ps:bandNumber>2</ps:bandNumber>
        <!-- Multiply by radiometricScaleFactor to convert DNs to TOA Radiance (watts per steradian per square metre -->
        <ps:radiometricScaleFactor>0.01</ps:radiometricScaleFactor>
        <!-- Multiply by reflectanceCoefficient to convert DNs to TOA Reflectance -->
        <ps:reflectanceCoefficient>1.95766169965e-05</ps:reflectanceCoefficient>
        <ps:harmonizationTransform>
          <!-- After application of ps:radiometricScaleFactor, multiply all source bands by
           bandCoefficients, then add finalOffset to harmonize from this scenes PS2.SD
           instrument to the PS2 instrument -->
          <ps:sourceSensor>PS2.SD</ps:sourceSensor>
          <ps:targetSensor>PS2</ps:targetSensor>
          <ps:targetMeasure>TOA-Radiance</ps:targetMeasure>
          <ps:bandCoefficients>0.00000000 0.93711778 0.00000000 0.00000000</ps:bandCoefficients>
          <ps:finalOffset>0.00000000</ps:finalOffset>
        </ps:harmonizationTransform>
        <ps:harmonizationTransform>
          <!-- After application of ps:reflectanceCoefficient, multiply all source bands by
           bandCoefficients, then add finalOffset to harmonize from this scenes PS2.SD
           instrument to the PS2 instrument -->
          <ps:sourceSensor>PS2.SD</ps:sourceSensor>
          <ps:targetSensor>PS2</ps:targetSensor>
          <ps:targetMeasure>TOA-Reflectance</ps:targetMeasure>
          <ps:bandCoefficients>0.00000000 0.93711778 0.00000000 0.00000000</ps:bandCoefficients>
          <ps:finalOffset>0.00000000</ps:finalOffset>
        </ps:harmonizationTransform>
      </ps:bandSpecificMetadata>
      <ps:bandSpecificMetadata>
        <ps:bandNumber>3</ps:bandNumber>
        <!-- Multiply by radiometricScaleFactor to convert DNs to TOA Radiance (watts per steradian per square metre -->
        <ps:radiometricScaleFactor>0.01</ps:radiometricScaleFactor>
        <!-- Multiply by reflectanceCoefficient to convert DNs to TOA Reflectance -->
        <ps:reflectanceCoefficient>2.340567498e-05</ps:reflectanceCoefficient>
        <ps:harmonizationTransform>
          <!-- After application of ps:radiometricScaleFactor, multiply all source bands by
           bandCoefficients, then add finalOffset to harmonize from this scenes PS2.SD
           instrument to the PS2 instrument -->
          <ps:sourceSensor>PS2.SD</ps:sourceSensor>
          <ps:targetSensor>PS2</ps:targetSensor>
          <ps:targetMeasure>TOA-Radiance</ps:targetMeasure>
          <ps:bandCoefficients>0.00000000 0.00000000 0.86688353 0.00000000</ps:bandCoefficients>
          <ps:finalOffset>0.00000000</ps:finalOffset>
        </ps:harmonizationTransform>
        <ps:harmonizationTransform>
          <!-- After application of ps:reflectanceCoefficient, multiply all source bands by
           bandCoefficients, then add finalOffset to harmonize from this scenes PS2.SD
           instrument to the PS2 instrument -->
          <ps:sourceSensor>PS2.SD</ps:sourceSensor>
          <ps:targetSensor>PS2</ps:targetSensor>
          <ps:targetMeasure>TOA-Reflectance</ps:targetMeasure>
          <ps:bandCoefficients>0.00000000 0.00000000 0.86688353 0.00000000</ps:bandCoefficients>
          <ps:finalOffset>0.00000000</ps:finalOffset>
        </ps:harmonizationTransform>
      </ps:bandSpecificMetadata>
      <ps:bandSpecificMetadata>
        <ps:bandNumber>4</ps:bandNumber>
        <!-- Multiply by radiometricScaleFactor to convert DNs to TOA Radiance (watts per steradian per square metre -->
        <ps:radiometricScaleFactor>0.01</ps:radiometricScaleFactor>
        <!-- Multiply by reflectanceCoefficient to convert DNs to TOA Reflectance -->
        <ps:reflectanceCoefficient>3.47621671909e-05</ps:reflectanceCoefficient>
        <ps:harmonizationTransform>
          <!-- After application of ps:radiometricScaleFactor, multiply all source bands by
           bandCoefficients, then add finalOffset to harmonize from this scenes PS2.SD
           instrument to the PS2 instrument -->
          <ps:sourceSensor>PS2.SD</ps:sourceSensor>
          <ps:targetSensor>PS2</ps:targetSensor>
          <ps:targetMeasure>TOA-Radiance</ps:targetMeasure>
          <ps:bandCoefficients>0.00000000 0.00000000 0.00000000 0.86315372</ps:bandCoefficients>
          <ps:finalOffset>0.00000000</ps:finalOffset>
        </ps:harmonizationTransform>
        <ps:harmonizationTransform>
          <!-- After application of ps:reflectanceCoefficient, multiply all source bands by
           bandCoefficients, then add finalOffset to harmonize from this scenes PS2.SD
           instrument to the PS2 instrument -->
          <ps:sourceSensor>PS2.SD</ps:sourceSensor>
          <ps:targetSensor>PS2</ps:targetSensor>
          <ps:targetMeasure>TOA-Reflectance</ps:targetMeasure>
          <ps:bandCoefficients>0.00000000 0.00000000 0.00000000 0.86315372</ps:bandCoefficients>
          <ps:finalOffset>0.00000000</ps:finalOffset>
        </ps:harmonizationTransform>
      </ps:bandSpecificMetadata>
    </ps:EarthObservationResult>
  </gml:resultOf>
</ps:EarthObservation>
