{"id":"20200505_183247_18_105c","type":"Feature","geometry":{"coordinates":[[[-118.51627097505282,34.14205979380709],[-118.56437794401154,33.959112489750055],[-118.2350510984673,33.89852761789715],[-118.18619648226071,34.081561471247056],[-118.51627097505282,34.14205979380709]]],"type":"Polygon"},"properties":{"acquired":"2020-05-05T18:32:47.18234Z","anomalous_pixels":0,"clear_confidence_percent":99,"clear_percent":100,"cloud_cover":0.1,"cloud_percent":0,"columns":11702,"epsg_code":32611,"ground_control":true,"gsd":4.7,"heavy_haze_percent":0,"instrument":"PS2.SD","item_type":"PSScene4Band","light_haze_percent":0,"origin_x":355455,"origin_y":3778947,"pixel_resolution":3,"provider":"planetscope","published":"2020-05-06T04:10:58Z","quality_category":"standard","rows":9119,"satellite_id":"105c","shadow_percent":0,"snow_ice_percent":0,"strip_id":"3373409","sun_azimuth":130.2,"sun_elevation":65.3,"updated":"2020-05-06T04:15:25Z","view_angle":1,"visible_confidence_percent":99,"visible_percent":100}}
