{"id":"20200508_181626_103c","type":"Feature","geometry":{"coordinates":[[[-118.09958895911993,33.943221012862395],[-118.36791182427919,33.9907483141622],[-118.34931119047232,34.06305982854386],[-118.0815938253698,34.01566640347802],[-118.08484969432487,34.00317137269296],[-118.08401506464713,34.003023616391],[-118.09958895911993,33.943221012862395]]],"type":"Polygon"},"properties":{"acquired":"2020-05-08T18:16:26.020108Z","anomalous_pixels":0.03,"clear_confidence_percent":91,"clear_percent":94,"cloud_cover":0.02,"cloud_percent":0,"columns":8826,"epsg_code":32611,"ground_control":true,"gsd":3.8,"heavy_haze_percent":0,"instrument":"PS2","item_type":"PSScene4Band","light_haze_percent":0,"origin_x":373656,"origin_y":3769971,"pixel_resolution":3,"provider":"planetscope","published":"2020-05-09T00:32:43Z","quality_category":"standard","rows":4523,"satellite_id":"103c","shadow_percent":0,"snow_ice_percent":6,"strip_id":"3380633","sun_azimuth":122.8,"sun_elevation":63.4,"updated":"2020-05-09T04:34:56Z","view_angle":0,"visible_confidence_percent":80,"visible_percent":100}}
