{"id":"20200503_180221_0e26","type":"Feature","geometry":{"coordinates":[[[-118.51376736227836,34.10655645567341],[-118.23954431188342,34.05848712507273],[-118.25808062352235,33.985228955811756],[-118.53232290708846,34.03365397402047],[-118.51750024371282,34.093454940470416],[-118.51705907061624,34.09337710922288],[-118.51376736227836,34.10655645567341]]],"type":"Polygon"},"properties":{"acquired":"2020-05-03T18:02:21.329083Z","anomalous_pixels":0,"clear_confidence_percent":89,"clear_percent":97,"cloud_cover":0.04,"cloud_percent":1,"columns":9022,"epsg_code":32611,"ground_control":true,"gsd":3.9,"heavy_haze_percent":0,"instrument":"PS2","item_type":"PSScene4Band","light_haze_percent":0,"origin_x":358542,"origin_y":3775008,"pixel_resolution":3,"provider":"planetscope","published":"2020-05-04T10:23:08Z","publishing_stage":"finalized","quality_category":"standard","rows":4593,"satellite_id":"0e26","shadow_percent":0,"snow_ice_percent":2,"strip_id":"3368588","sun_azimuth":119.6,"sun_elevation":59.6,"updated":"2020-05-28T15:55:09Z","view_angle":3,"visible_confidence_percent":78,"visible_percent":99}}
