{"id":"20200609_181603_103c","type":"Feature","geometry":{"coordinates":[[[-118.54739256008712,34.08239527822807],[-118.27634001978586,34.03513691308716],[-118.29465615943121,33.96149966934995],[-118.56753718499284,34.00893190171081],[-118.5522984436997,34.06991925336116],[-118.55054638573918,34.06961503958177],[-118.54739256008712,34.08239527822807]]],"type":"Polygon"},"properties":{"acquired":"2020-06-09T18:16:03.403807Z","anomalous_pixels":0,"clear_confidence_percent":96,"clear_percent":99,"cloud_cover":0.03,"cloud_percent":0,"columns":8977,"epsg_code":32611,"ground_control":true,"gsd":3.9,"heavy_haze_percent":0,"instrument":"PS2","item_type":"PSScene4Band","light_haze_percent":0,"origin_x":355248,"origin_y":3772374,"pixel_resolution":3,"provider":"planetscope","published":"2020-06-10T02:09:06Z","publishing_stage":"finalized","quality_category":"standard","rows":4578,"satellite_id":"103c","shadow_percent":0,"snow_ice_percent":1,"strip_id":"3471892","sun_azimuth":111.2,"sun_elevation":66.3,"updated":"2020-06-10T10:04:42Z","view_angle":3,"visible_confidence_percent":71,"visible_percent":100}}
